"","Sample","OTU","Genus","Abundance"
"1","1337_238_S238_L001","ASV00009","Glaciecola",19787
"2","1337_243_S243_L001","ASV00014","Alteromonas",19763
"3","1337_243_S243_L001","ASV00013","Alteromonas",19544
"4","1337_228_S228_L001","ASV00009","Glaciecola",15630
"5","1337_243_S243_L001","ASV00031","Alteromonas",10043
"6","1337_231_S231_L001","ASV00007","Limosilactobacillus",9558
"7","1337_228_S228_L001","ASV00068","Glaciecola",7984
"8","1337_232_S232_L001","ASV00064","Vibrio",5794
"9","1337_237_S237_L001","ASV00043","Pseudoalteromonas",5733
"10","1337_231_S231_L001","ASV00016","Escherichia-Shigella",4829
"11","1337_231_S231_L001","ASV00015","Salmonella",4755
"12","1337_238_S238_L001","ASV00040","Marinomonas",4395
"13","1337_220_S220_L001","ASV00029","Oceaniserpentilla",4266
"14","1337_242_S242_L001","ASV00040","Marinomonas",4032
"15","1337_240_S240_L001","ASV00040","Marinomonas",4024
"16","1337_240_S240_L001","ASV00025","Pseudophaeobacter",3882
"17","1337_237_S237_L001","ASV00040","Marinomonas",3410
"18","1337_221_S221_L001","ASV00004","Synechococcus CC9902",3213
"19","1337_220_S220_L001","ASV00025","Pseudophaeobacter",3166
"20","1337_223_S223_L001","ASV00001","Clade Ia",3137
"21","1337_229_S229_L001","ASV00008","Shewanella",3080
"22","1337_220_S220_L001","ASV00004","Synechococcus CC9902",3076
"23","1337_235_S235_L001","ASV00025","Pseudophaeobacter",3019
"24","1337_237_S237_L001","ASV00009","Glaciecola",2895
"25","1337_230_S230_L001","ASV00004","Synechococcus CC9902",2851
"26","1337_222_S222_L001","ASV00008","Shewanella",2830
"27","1337_229_S229_L001","ASV00010","Shewanella",2811
"28","1337_222_S222_L001","ASV00001","Clade Ia",2701
"29","1337_242_S242_L001","ASV00025","Pseudophaeobacter",2659
"30","1337_221_S221_L001","ASV00025","Pseudophaeobacter",2654
"31","1337_233_S233_L001","ASV00008","Shewanella",2588
"32","1337_226_S226_L001","ASV00008","Shewanella",2516
"33","1337_221_S221_L001","ASV00009","Glaciecola",2486
"34","1337_221_S221_L001","ASV00029","Oceaniserpentilla",2460
"35","1337_230_S230_L001","ASV00009","Glaciecola",2429
"36","1337_230_S230_L001","ASV00025","Pseudophaeobacter",2425
"37","1337_234_S234_L001","ASV00029","Oceaniserpentilla",2379
"38","1337_222_S222_L001","ASV00010","Shewanella",2342
"39","1337_229_S229_L001","ASV00001","Clade Ia",2266
"40","1337_224_S224_L001","ASV00029","Oceaniserpentilla",2238
"41","1337_223_S223_L001","ASV00008","Shewanella",2211
"42","1337_227_S227_L001","ASV00008","Shewanella",2208
"43","1337_233_S233_L001","ASV00010","Shewanella",2205
"44","1337_220_S220_L001","ASV00001","Clade Ia",2130
"45","1337_240_S240_L001","ASV00074","Colwellia",2089
"46","1337_223_S223_L001","ASV00036","Synechococcus CC9902",2083
"47","1337_228_S228_L001","ASV00316","Neptuniibacter",2012
"48","1337_222_S222_L001","ASV00036","Synechococcus CC9902",1987
"49","1337_234_S234_L001","ASV00025","Pseudophaeobacter",1984
"50","1337_229_S229_L001","ASV00036","Synechococcus CC9902",1975
"51","1337_226_S226_L001","ASV00010","Shewanella",1955
"52","1337_240_S240_L001","ASV00043","Pseudoalteromonas",1928
"53","1337_242_S242_L001","ASV00074","Colwellia",1916
"54","1337_226_S226_L001","ASV00012","Acinetobacter",1911
"55","1337_221_S221_L001","ASV00001","Clade Ia",1910
"56","1337_225_S225_L001","ASV00025","Pseudophaeobacter",1907
"57","1337_235_S235_L001","ASV00053","Colwellia",1907
"58","1337_232_S232_L001","ASV00186","Alteromonas",1892
"59","1337_229_S229_L001","ASV00012","Acinetobacter",1886
"60","1337_235_S235_L001","ASV00048","Colwellia",1879
"61","1337_232_S232_L001","ASV00476","Oleibacter",1871
"62","1337_222_S222_L001","ASV00012","Acinetobacter",1847
"63","1337_227_S227_L001","ASV00010","Shewanella",1791
"64","1337_230_S230_L001","ASV00001","Clade Ia",1761
"65","1337_237_S237_L001","ASV00025","Pseudophaeobacter",1748
"66","1337_223_S223_L001","ASV00010","Shewanella",1746
"67","1337_238_S238_L001","ASV00068","Glaciecola",1739
"68","1337_237_S237_L001","ASV00048","Colwellia",1723
"69","1337_223_S223_L001","ASV00004","Synechococcus CC9902",1651
"70","1337_225_S225_L001","ASV00048","Colwellia",1616
"71","1337_233_S233_L001","ASV00012","Acinetobacter",1540
"72","1337_223_S223_L001","ASV00012","Acinetobacter",1527
"73","1337_224_S224_L001","ASV00025","Pseudophaeobacter",1526
"74","1337_221_S221_L001","ASV00053","Colwellia",1514
"75","1337_228_S228_L001","ASV00186","Alteromonas",1477
"76","1337_222_S222_L001","ASV00003","Clade Ia",1410
"77","1337_237_S237_L001","ASV00053","Colwellia",1410
"78","1337_225_S225_L001","ASV00053","Colwellia",1379
"79","1337_225_S225_L001","ASV00029","Oceaniserpentilla",1351
"80","1337_223_S223_L001","ASV00003","Clade Ia",1325
"81","1337_230_S230_L001","ASV00029","Oceaniserpentilla",1275
"82","1337_240_S240_L001","ASV00048","Colwellia",1269
"83","1337_242_S242_L001","ASV00064","Vibrio",1253
"84","1337_221_S221_L001","ASV00048","Colwellia",1168
"85","1337_232_S232_L001","ASV00009","Glaciecola",1119
"86","1337_235_S235_L001","ASV00001","Clade Ia",1109
"87","1337_225_S225_L001","ASV00001","Clade Ia",1105
"88","1337_229_S229_L001","ASV00003","Clade Ia",1101
"89","1337_220_S220_L001","ASV00003","Clade Ia",1085
"90","1337_227_S227_L001","ASV00012","Acinetobacter",1066
"91","1337_230_S230_L001","ASV00053","Colwellia",1065
"92","1337_221_S221_L001","ASV00002","Prochlorococcus MIT9313",1013
"93","1337_234_S234_L001","ASV00001","Clade Ia",997
"94","1337_242_S242_L001","ASV00048","Colwellia",987
"95","1337_234_S234_L001","ASV00048","Colwellia",971
"96","1337_234_S234_L001","ASV00009","Glaciecola",939
"97","1337_230_S230_L001","ASV00048","Colwellia",930
"98","1337_230_S230_L001","ASV00003","Clade Ia",893
"99","1337_240_S240_L001","ASV00053","Colwellia",892
"100","1337_234_S234_L001","ASV00053","Colwellia",888
"101","1337_221_S221_L001","ASV00003","Clade Ia",837
"102","1337_224_S224_L001","ASV00061",NA,827
"103","1337_242_S242_L001","ASV00009","Glaciecola",819
"104","1337_220_S220_L001","ASV00002","Prochlorococcus MIT9313",784
"105","1337_228_S228_L001","ASV00043","Pseudoalteromonas",772
"106","1337_234_S234_L001","ASV00061",NA,758
"107","1337_230_S230_L001","ASV00002","Prochlorococcus MIT9313",757
"108","1337_225_S225_L001","ASV00061",NA,747
"109","1337_224_S224_L001","ASV00074","Colwellia",743
"110","1337_237_S237_L001","ASV00004","Synechococcus CC9902",730
"111","1337_225_S225_L001","ASV00074","Colwellia",688
"112","1337_235_S235_L001","ASV00074","Colwellia",659
"113","1337_238_S238_L001","ASV00025","Pseudophaeobacter",658
"114","1337_222_S222_L001","ASV00004","Synechococcus CC9902",655
"115","1337_238_S238_L001","ASV00004","Synechococcus CC9902",617
"116","1337_242_S242_L001","ASV00053","Colwellia",615
"117","1337_232_S232_L001","ASV00008","Shewanella",609
"118","1337_238_S238_L001","ASV00043","Pseudoalteromonas",595
"119","1337_229_S229_L001","ASV00004","Synechococcus CC9902",590
"120","1337_224_S224_L001","ASV00001","Clade Ia",589
"121","1337_234_S234_L001","ASV00040","Marinomonas",578
"122","1337_238_S238_L001","ASV00048","Colwellia",559
"123","1337_235_S235_L001","ASV00061",NA,540
"124","1337_232_S232_L001","ASV00043","Pseudoalteromonas",536
"125","1337_242_S242_L001","ASV00043","Pseudoalteromonas",516
"126","1337_225_S225_L001","ASV00003","Clade Ia",504
"127","1337_224_S224_L001","ASV00008","Shewanella",488
"128","1337_235_S235_L001","ASV00003","Clade Ia",472
"129","1337_238_S238_L001","ASV00053","Colwellia",472
"130","1337_224_S224_L001","ASV00010","Shewanella",467
"131","1337_232_S232_L001","ASV00316","Neptuniibacter",454
"132","1337_237_S237_L001","ASV00001","Clade Ia",447
"133","1337_232_S232_L001","ASV00010","Shewanella",439
"134","1337_234_S234_L001","ASV00003","Clade Ia",438
"135","1337_223_S223_L001","ASV00002","Prochlorococcus MIT9313",428
"136","1337_232_S232_L001","ASV00012","Acinetobacter",419
"137","1337_235_S235_L001","ASV00009","Glaciecola",407
"138","1337_228_S228_L001","ASV00064","Vibrio",393
"139","1337_238_S238_L001","ASV00001","Clade Ia",387
"140","1337_237_S237_L001","ASV00074","Colwellia",373
"141","1337_220_S220_L001","ASV00036","Synechococcus CC9902",362
"142","1337_225_S225_L001","ASV00004","Synechococcus CC9902",351
"143","1337_221_S221_L001","ASV00036","Synechococcus CC9902",348
"144","1337_221_S221_L001","ASV00068","Glaciecola",328
"145","1337_230_S230_L001","ASV00040","Marinomonas",326
"146","1337_223_S223_L001","ASV00025","Pseudophaeobacter",323
"147","1337_240_S240_L001","ASV00064","Vibrio",301
"148","1337_235_S235_L001","ASV00029","Oceaniserpentilla",297
"149","1337_220_S220_L001","ASV00053","Colwellia",296
"150","1337_232_S232_L001","ASV00068","Glaciecola",294
"151","1337_238_S238_L001","ASV00002","Prochlorococcus MIT9313",291
"152","1337_224_S224_L001","ASV00048","Colwellia",285
"153","1337_234_S234_L001","ASV00074","Colwellia",284
"154","1337_237_S237_L001","ASV00002","Prochlorococcus MIT9313",276
"155","1337_230_S230_L001","ASV00036","Synechococcus CC9902",268
"156","1337_234_S234_L001","ASV00004","Synechococcus CC9902",267
"157","1337_237_S237_L001","ASV00186","Alteromonas",262
"158","1337_224_S224_L001","ASV00003","Clade Ia",260
"159","1337_220_S220_L001","ASV00048","Colwellia",258
"160","1337_224_S224_L001","ASV00012","Acinetobacter",258
"161","1337_230_S230_L001","ASV00068","Glaciecola",255
"162","1337_220_S220_L001","ASV00010","Shewanella",250
"163","1337_224_S224_L001","ASV00002","Prochlorococcus MIT9313",236
"164","1337_227_S227_L001","ASV00001","Clade Ia",236
"165","1337_220_S220_L001","ASV00008","Shewanella",226
"166","1337_227_S227_L001","ASV00025","Pseudophaeobacter",220
"167","1337_228_S228_L001","ASV00001","Clade Ia",216
"168","1337_235_S235_L001","ASV00004","Synechococcus CC9902",207
"169","1337_220_S220_L001","ASV00186","Alteromonas",205
"170","1337_237_S237_L001","ASV00003","Clade Ia",191
"171","1337_221_S221_L001","ASV00186","Alteromonas",181
"172","1337_232_S232_L001","ASV00031","Alteromonas",179
"173","1337_234_S234_L001","ASV00008","Shewanella",177
"174","1337_224_S224_L001","ASV00004","Synechococcus CC9902",175
"175","1337_224_S224_L001","ASV00053","Colwellia",166
"176","1337_232_S232_L001","ASV00014","Alteromonas",158
"177","1337_239_S239_L001","ASV00043","Pseudoalteromonas",156
"178","1337_220_S220_L001","ASV00012","Acinetobacter",152
"179","1337_225_S225_L001","ASV00040","Marinomonas",152
"180","1337_220_S220_L001","ASV00009","Glaciecola",149
"181","1337_237_S237_L001","ASV00068","Glaciecola",145
"182","1337_237_S237_L001","ASV00316","Neptuniibacter",145
"183","1337_238_S238_L001","ASV00003","Clade Ia",145
"184","1337_238_S238_L001","ASV00061",NA,144
"185","1337_228_S228_L001","ASV00036","Synechococcus CC9902",142
"186","1337_220_S220_L001","ASV00040","Marinomonas",133
"187","1337_235_S235_L001","ASV00040","Marinomonas",131
"188","1337_229_S229_L001","ASV00064","Vibrio",130
"189","1337_234_S234_L001","ASV00010","Shewanella",129
"190","1337_225_S225_L001","ASV00008","Shewanella",121
"191","1337_239_S239_L001","ASV00009","Glaciecola",111
"192","1337_225_S225_L001","ASV00010","Shewanella",109
"193","1337_227_S227_L001","ASV00003","Clade Ia",107
"194","1337_228_S228_L001","ASV00031","Alteromonas",107
"195","1337_234_S234_L001","ASV00012","Acinetobacter",104
"196","1337_225_S225_L001","ASV00012","Acinetobacter",99
"197","1337_227_S227_L001","ASV00061",NA,99
"198","1337_230_S230_L001","ASV00186","Alteromonas",98
"199","1337_239_S239_L001","ASV00040","Marinomonas",95
"200","1337_240_S240_L001","ASV00004","Synechococcus CC9902",93
"201","1337_234_S234_L001","ASV00068","Glaciecola",91
"202","1337_230_S230_L001","ASV00074","Colwellia",90
"203","1337_237_S237_L001","ASV00061",NA,90
"204","1337_221_S221_L001","ASV00040","Marinomonas",87
"205","1337_222_S222_L001","ASV00031","Alteromonas",86
"206","1337_228_S228_L001","ASV00014","Alteromonas",86
"207","1337_230_S230_L001","ASV00043","Pseudoalteromonas",86
"208","1337_220_S220_L001","ASV00074","Colwellia",84
"209","1337_228_S228_L001","ASV00003","Clade Ia",84
"210","1337_222_S222_L001","ASV00064","Vibrio",83
"211","1337_227_S227_L001","ASV00036","Synechococcus CC9902",80
"212","1337_237_S237_L001","ASV00064","Vibrio",80
"213","1337_238_S238_L001","ASV00074","Colwellia",80
"214","1337_228_S228_L001","ASV00008","Shewanella",78
"215","1337_240_S240_L001","ASV00001","Clade Ia",77
"216","1337_235_S235_L001","ASV00043","Pseudoalteromonas",75
"217","1337_221_S221_L001","ASV00008","Shewanella",74
"218","1337_224_S224_L001","ASV00040","Marinomonas",74
"219","1337_233_S233_L001","ASV00001","Clade Ia",73
"220","1337_226_S226_L001","ASV00036","Synechococcus CC9902",71
"221","1337_225_S225_L001","ASV00002","Prochlorococcus MIT9313",69
"222","1337_223_S223_L001","ASV00029","Oceaniserpentilla",62
"223","1337_232_S232_L001","ASV00001","Clade Ia",60
"224","1337_221_S221_L001","ASV00010","Shewanella",59
"225","1337_226_S226_L001","ASV00001","Clade Ia",59
"226","1337_233_S233_L001","ASV00064","Vibrio",59
"227","1337_238_S238_L001","ASV00186","Alteromonas",59
"228","1337_226_S226_L001","ASV00053","Colwellia",57
"229","1337_227_S227_L001","ASV00004","Synechococcus CC9902",56
"230","1337_234_S234_L001","ASV00002","Prochlorococcus MIT9313",56
"231","1337_222_S222_L001","ASV00053","Colwellia",55
"232","1337_226_S226_L001","ASV00064","Vibrio",55
"233","1337_228_S228_L001","ASV00012","Acinetobacter",53
"234","1337_237_S237_L001","ASV00029","Oceaniserpentilla",53
"235","1337_226_S226_L001","ASV00004","Synechococcus CC9902",52
"236","1337_228_S228_L001","ASV00010","Shewanella",52
"237","1337_235_S235_L001","ASV00002","Prochlorococcus MIT9313",52
"238","1337_232_S232_L001","ASV00013","Alteromonas",51
"239","1337_235_S235_L001","ASV00068","Glaciecola",51
"240","1337_242_S242_L001","ASV00061",NA,51
"241","1337_226_S226_L001","ASV00003","Clade Ia",50
"242","1337_221_S221_L001","ASV00074","Colwellia",49
"243","1337_232_S232_L001","ASV00025","Pseudophaeobacter",47
"244","1337_233_S233_L001","ASV00025","Pseudophaeobacter",47
"245","1337_240_S240_L001","ASV00009","Glaciecola",47
"246","1337_242_S242_L001","ASV00068","Glaciecola",46
"247","1337_222_S222_L001","ASV00048","Colwellia",45
"248","1337_242_S242_L001","ASV00002","Prochlorococcus MIT9313",45
"249","1337_225_S225_L001","ASV00043","Pseudoalteromonas",44
"250","1337_237_S237_L001","ASV00036","Synechococcus CC9902",44
"251","1337_242_S242_L001","ASV00001","Clade Ia",44
"252","1337_227_S227_L001","ASV00002","Prochlorococcus MIT9313",42
"253","1337_233_S233_L001","ASV00036","Synechococcus CC9902",42
"254","1337_220_S220_L001","ASV00043","Pseudoalteromonas",41
"255","1337_224_S224_L001","ASV00064","Vibrio",41
"256","1337_235_S235_L001","ASV00036","Synechococcus CC9902",40
"257","1337_238_S238_L001","ASV00036","Synechococcus CC9902",40
"258","1337_223_S223_L001","ASV00061",NA,39
"259","1337_228_S228_L001","ASV00004","Synechococcus CC9902",39
"260","1337_238_S238_L001","ASV00064","Vibrio",39
"261","1337_239_S239_L001","ASV00048","Colwellia",39
"262","1337_220_S220_L001","ASV00068","Glaciecola",38
"263","1337_225_S225_L001","ASV00036","Synechococcus CC9902",38
"264","1337_239_S239_L001","ASV00001","Clade Ia",38
"265","1337_242_S242_L001","ASV00004","Synechococcus CC9902",36
"266","1337_221_S221_L001","ASV00012","Acinetobacter",35
"267","1337_233_S233_L001","ASV00061",NA,35
"268","1337_224_S224_L001","ASV00043","Pseudoalteromonas",34
"269","1337_227_S227_L001","ASV00064","Vibrio",34
"270","1337_224_S224_L001","ASV00036","Synechococcus CC9902",32
"271","1337_232_S232_L001","ASV00036","Synechococcus CC9902",32
"272","1337_239_S239_L001","ASV00025","Pseudophaeobacter",32
"273","1337_239_S239_L001","ASV00053","Colwellia",32
"274","1337_240_S240_L001","ASV00186","Alteromonas",32
"275","1337_242_S242_L001","ASV00186","Alteromonas",32
"276","1337_228_S228_L001","ASV00013","Alteromonas",31
"277","1337_220_S220_L001","ASV00316","Neptuniibacter",30
"278","1337_225_S225_L001","ASV00009","Glaciecola",30
"279","1337_226_S226_L001","ASV00025","Pseudophaeobacter",28
"280","1337_232_S232_L001","ASV00074","Colwellia",28
"281","1337_232_S232_L001","ASV00029","Oceaniserpentilla",27
"282","1337_230_S230_L001","ASV00008","Shewanella",26
"283","1337_222_S222_L001","ASV00002","Prochlorococcus MIT9313",25
"284","1337_226_S226_L001","ASV00048","Colwellia",25
"285","1337_242_S242_L001","ASV00010","Shewanella",25
"286","1337_242_S242_L001","ASV00036","Synechococcus CC9902",25
"287","1337_224_S224_L001","ASV00013","Alteromonas",24
"288","1337_234_S234_L001","ASV00013","Alteromonas",23
"289","1337_234_S234_L001","ASV00036","Synechococcus CC9902",23
"290","1337_234_S234_L001","ASV00064","Vibrio",23
"291","1337_221_S221_L001","ASV00043","Pseudoalteromonas",22
"292","1337_230_S230_L001","ASV00012","Acinetobacter",22
"293","1337_232_S232_L001","ASV00003","Clade Ia",22
"294","1337_235_S235_L001","ASV00064","Vibrio",22
"295","1337_239_S239_L001","ASV00074","Colwellia",22
"296","1337_223_S223_L001","ASV00064","Vibrio",21
"297","1337_228_S228_L001","ASV00476","Oleibacter",21
"298","1337_229_S229_L001","ASV00002","Prochlorococcus MIT9313",21
"299","1337_237_S237_L001","ASV00008","Shewanella",21
"300","1337_242_S242_L001","ASV00012","Acinetobacter",21
"301","1337_225_S225_L001","ASV00064","Vibrio",20
"302","1337_239_S239_L001","ASV00004","Synechococcus CC9902",20
"303","1337_240_S240_L001","ASV00029","Oceaniserpentilla",19
"304","1337_242_S242_L001","ASV00003","Clade Ia",19
"305","1337_242_S242_L001","ASV00029","Oceaniserpentilla",19
"306","1337_240_S240_L001","ASV00013","Alteromonas",18
"307","1337_240_S240_L001","ASV00061",NA,18
"308","1337_229_S229_L001","ASV00053","Colwellia",17
"309","1337_227_S227_L001","ASV00043","Pseudoalteromonas",15
"310","1337_233_S233_L001","ASV00029","Oceaniserpentilla",13
"311","1337_233_S233_L001","ASV00048","Colwellia",13
"312","1337_222_S222_L001","ASV00025","Pseudophaeobacter",12
"313","1337_232_S232_L001","ASV00007","Limosilactobacillus",11
"314","1337_225_S225_L001","ASV00186","Alteromonas",10
"315","1337_237_S237_L001","ASV00013","Alteromonas",10
"316","1337_220_S220_L001","ASV00061",NA,9
"317","1337_220_S220_L001","ASV00064","Vibrio",9
"318","1337_233_S233_L001","ASV00003","Clade Ia",9
"319","1337_238_S238_L001","ASV00008","Shewanella",9
"320","1337_221_S221_L001","ASV00064","Vibrio",8
"321","1337_232_S232_L001","ASV00016","Escherichia-Shigella",8
"322","1337_240_S240_L001","ASV00010","Shewanella",8
"323","1337_230_S230_L001","ASV00064","Vibrio",7
"324","1337_237_S237_L001","ASV00031","Alteromonas",7
"325","1337_238_S238_L001","ASV00029","Oceaniserpentilla",7
"326","1337_223_S223_L001","ASV00043","Pseudoalteromonas",6
"327","1337_235_S235_L001","ASV00013","Alteromonas",6
"328","1337_237_S237_L001","ASV00012","Acinetobacter",6
"329","1337_224_S224_L001","ASV00014","Alteromonas",5
"330","1337_229_S229_L001","ASV00040","Marinomonas",5
"331","1337_231_S231_L001","ASV00002","Prochlorococcus MIT9313",5
"332","1337_240_S240_L001","ASV00014","Alteromonas",5
"333","1337_234_S234_L001","ASV00014","Alteromonas",4
"334","1337_235_S235_L001","ASV00014","Alteromonas",3
"335","1337_235_S235_L001","ASV00031","Alteromonas",3
"336","1337_237_S237_L001","ASV00014","Alteromonas",3
"337","1337_220_S220_L001","ASV00007","Limosilactobacillus",0
"338","1337_220_S220_L001","ASV00013","Alteromonas",0
"339","1337_220_S220_L001","ASV00014","Alteromonas",0
"340","1337_220_S220_L001","ASV00015","Salmonella",0
"341","1337_220_S220_L001","ASV00016","Escherichia-Shigella",0
"342","1337_220_S220_L001","ASV00031","Alteromonas",0
"343","1337_220_S220_L001","ASV00476","Oleibacter",0
"344","1337_221_S221_L001","ASV00007","Limosilactobacillus",0
"345","1337_221_S221_L001","ASV00013","Alteromonas",0
"346","1337_221_S221_L001","ASV00014","Alteromonas",0
"347","1337_221_S221_L001","ASV00015","Salmonella",0
"348","1337_221_S221_L001","ASV00016","Escherichia-Shigella",0
"349","1337_221_S221_L001","ASV00031","Alteromonas",0
"350","1337_221_S221_L001","ASV00061",NA,0
"351","1337_221_S221_L001","ASV00316","Neptuniibacter",0
"352","1337_221_S221_L001","ASV00476","Oleibacter",0
"353","1337_222_S222_L001","ASV00007","Limosilactobacillus",0
"354","1337_222_S222_L001","ASV00009","Glaciecola",0
"355","1337_222_S222_L001","ASV00013","Alteromonas",0
"356","1337_222_S222_L001","ASV00014","Alteromonas",0
"357","1337_222_S222_L001","ASV00015","Salmonella",0
"358","1337_222_S222_L001","ASV00016","Escherichia-Shigella",0
"359","1337_222_S222_L001","ASV00029","Oceaniserpentilla",0
"360","1337_222_S222_L001","ASV00040","Marinomonas",0
"361","1337_222_S222_L001","ASV00043","Pseudoalteromonas",0
"362","1337_222_S222_L001","ASV00061",NA,0
"363","1337_222_S222_L001","ASV00068","Glaciecola",0
"364","1337_222_S222_L001","ASV00074","Colwellia",0
"365","1337_222_S222_L001","ASV00186","Alteromonas",0
"366","1337_222_S222_L001","ASV00316","Neptuniibacter",0
"367","1337_222_S222_L001","ASV00476","Oleibacter",0
"368","1337_223_S223_L001","ASV00007","Limosilactobacillus",0
"369","1337_223_S223_L001","ASV00009","Glaciecola",0
"370","1337_223_S223_L001","ASV00013","Alteromonas",0
"371","1337_223_S223_L001","ASV00014","Alteromonas",0
"372","1337_223_S223_L001","ASV00015","Salmonella",0
"373","1337_223_S223_L001","ASV00016","Escherichia-Shigella",0
"374","1337_223_S223_L001","ASV00031","Alteromonas",0
"375","1337_223_S223_L001","ASV00040","Marinomonas",0
"376","1337_223_S223_L001","ASV00048","Colwellia",0
"377","1337_223_S223_L001","ASV00053","Colwellia",0
"378","1337_223_S223_L001","ASV00068","Glaciecola",0
"379","1337_223_S223_L001","ASV00074","Colwellia",0
"380","1337_223_S223_L001","ASV00186","Alteromonas",0
"381","1337_223_S223_L001","ASV00316","Neptuniibacter",0
"382","1337_223_S223_L001","ASV00476","Oleibacter",0
"383","1337_224_S224_L001","ASV00007","Limosilactobacillus",0
"384","1337_224_S224_L001","ASV00009","Glaciecola",0
"385","1337_224_S224_L001","ASV00015","Salmonella",0
"386","1337_224_S224_L001","ASV00016","Escherichia-Shigella",0
"387","1337_224_S224_L001","ASV00031","Alteromonas",0
"388","1337_224_S224_L001","ASV00068","Glaciecola",0
"389","1337_224_S224_L001","ASV00186","Alteromonas",0
"390","1337_224_S224_L001","ASV00316","Neptuniibacter",0
"391","1337_224_S224_L001","ASV00476","Oleibacter",0
"392","1337_225_S225_L001","ASV00007","Limosilactobacillus",0
"393","1337_225_S225_L001","ASV00013","Alteromonas",0
"394","1337_225_S225_L001","ASV00014","Alteromonas",0
"395","1337_225_S225_L001","ASV00015","Salmonella",0
"396","1337_225_S225_L001","ASV00016","Escherichia-Shigella",0
"397","1337_225_S225_L001","ASV00031","Alteromonas",0
"398","1337_225_S225_L001","ASV00068","Glaciecola",0
"399","1337_225_S225_L001","ASV00316","Neptuniibacter",0
"400","1337_225_S225_L001","ASV00476","Oleibacter",0
"401","1337_226_S226_L001","ASV00002","Prochlorococcus MIT9313",0
"402","1337_226_S226_L001","ASV00007","Limosilactobacillus",0
"403","1337_226_S226_L001","ASV00009","Glaciecola",0
"404","1337_226_S226_L001","ASV00013","Alteromonas",0
"405","1337_226_S226_L001","ASV00014","Alteromonas",0
"406","1337_226_S226_L001","ASV00015","Salmonella",0
"407","1337_226_S226_L001","ASV00016","Escherichia-Shigella",0
"408","1337_226_S226_L001","ASV00029","Oceaniserpentilla",0
"409","1337_226_S226_L001","ASV00031","Alteromonas",0
"410","1337_226_S226_L001","ASV00040","Marinomonas",0
"411","1337_226_S226_L001","ASV00043","Pseudoalteromonas",0
"412","1337_226_S226_L001","ASV00061",NA,0
"413","1337_226_S226_L001","ASV00068","Glaciecola",0
"414","1337_226_S226_L001","ASV00074","Colwellia",0
"415","1337_226_S226_L001","ASV00186","Alteromonas",0
"416","1337_226_S226_L001","ASV00316","Neptuniibacter",0
"417","1337_226_S226_L001","ASV00476","Oleibacter",0
"418","1337_227_S227_L001","ASV00007","Limosilactobacillus",0
"419","1337_227_S227_L001","ASV00009","Glaciecola",0
"420","1337_227_S227_L001","ASV00013","Alteromonas",0
"421","1337_227_S227_L001","ASV00014","Alteromonas",0
"422","1337_227_S227_L001","ASV00015","Salmonella",0
"423","1337_227_S227_L001","ASV00016","Escherichia-Shigella",0
"424","1337_227_S227_L001","ASV00029","Oceaniserpentilla",0
"425","1337_227_S227_L001","ASV00031","Alteromonas",0
"426","1337_227_S227_L001","ASV00040","Marinomonas",0
"427","1337_227_S227_L001","ASV00048","Colwellia",0
"428","1337_227_S227_L001","ASV00053","Colwellia",0
"429","1337_227_S227_L001","ASV00068","Glaciecola",0
"430","1337_227_S227_L001","ASV00074","Colwellia",0
"431","1337_227_S227_L001","ASV00186","Alteromonas",0
"432","1337_227_S227_L001","ASV00316","Neptuniibacter",0
"433","1337_227_S227_L001","ASV00476","Oleibacter",0
"434","1337_228_S228_L001","ASV00002","Prochlorococcus MIT9313",0
"435","1337_228_S228_L001","ASV00007","Limosilactobacillus",0
"436","1337_228_S228_L001","ASV00015","Salmonella",0
"437","1337_228_S228_L001","ASV00016","Escherichia-Shigella",0
"438","1337_228_S228_L001","ASV00025","Pseudophaeobacter",0
"439","1337_228_S228_L001","ASV00029","Oceaniserpentilla",0
"440","1337_228_S228_L001","ASV00040","Marinomonas",0
"441","1337_228_S228_L001","ASV00048","Colwellia",0
"442","1337_228_S228_L001","ASV00053","Colwellia",0
"443","1337_228_S228_L001","ASV00061",NA,0
"444","1337_228_S228_L001","ASV00074","Colwellia",0
"445","1337_229_S229_L001","ASV00007","Limosilactobacillus",0
"446","1337_229_S229_L001","ASV00009","Glaciecola",0
"447","1337_229_S229_L001","ASV00013","Alteromonas",0
"448","1337_229_S229_L001","ASV00014","Alteromonas",0
"449","1337_229_S229_L001","ASV00015","Salmonella",0
"450","1337_229_S229_L001","ASV00016","Escherichia-Shigella",0
"451","1337_229_S229_L001","ASV00025","Pseudophaeobacter",0
"452","1337_229_S229_L001","ASV00029","Oceaniserpentilla",0
"453","1337_229_S229_L001","ASV00031","Alteromonas",0
"454","1337_229_S229_L001","ASV00043","Pseudoalteromonas",0
"455","1337_229_S229_L001","ASV00048","Colwellia",0
"456","1337_229_S229_L001","ASV00061",NA,0
"457","1337_229_S229_L001","ASV00068","Glaciecola",0
"458","1337_229_S229_L001","ASV00074","Colwellia",0
"459","1337_229_S229_L001","ASV00186","Alteromonas",0
"460","1337_229_S229_L001","ASV00316","Neptuniibacter",0
"461","1337_229_S229_L001","ASV00476","Oleibacter",0
"462","1337_230_S230_L001","ASV00007","Limosilactobacillus",0
"463","1337_230_S230_L001","ASV00010","Shewanella",0
"464","1337_230_S230_L001","ASV00013","Alteromonas",0
"465","1337_230_S230_L001","ASV00014","Alteromonas",0
"466","1337_230_S230_L001","ASV00015","Salmonella",0
"467","1337_230_S230_L001","ASV00016","Escherichia-Shigella",0
"468","1337_230_S230_L001","ASV00031","Alteromonas",0
"469","1337_230_S230_L001","ASV00061",NA,0
"470","1337_230_S230_L001","ASV00316","Neptuniibacter",0
"471","1337_230_S230_L001","ASV00476","Oleibacter",0
"472","1337_231_S231_L001","ASV00001","Clade Ia",0
"473","1337_231_S231_L001","ASV00003","Clade Ia",0
"474","1337_231_S231_L001","ASV00004","Synechococcus CC9902",0
"475","1337_231_S231_L001","ASV00008","Shewanella",0
"476","1337_231_S231_L001","ASV00009","Glaciecola",0
"477","1337_231_S231_L001","ASV00010","Shewanella",0
"478","1337_231_S231_L001","ASV00012","Acinetobacter",0
"479","1337_231_S231_L001","ASV00013","Alteromonas",0
"480","1337_231_S231_L001","ASV00014","Alteromonas",0
"481","1337_231_S231_L001","ASV00025","Pseudophaeobacter",0
"482","1337_231_S231_L001","ASV00029","Oceaniserpentilla",0
"483","1337_231_S231_L001","ASV00031","Alteromonas",0
"484","1337_231_S231_L001","ASV00036","Synechococcus CC9902",0
"485","1337_231_S231_L001","ASV00040","Marinomonas",0
"486","1337_231_S231_L001","ASV00043","Pseudoalteromonas",0
"487","1337_231_S231_L001","ASV00048","Colwellia",0
"488","1337_231_S231_L001","ASV00053","Colwellia",0
"489","1337_231_S231_L001","ASV00061",NA,0
"490","1337_231_S231_L001","ASV00064","Vibrio",0
"491","1337_231_S231_L001","ASV00068","Glaciecola",0
"492","1337_231_S231_L001","ASV00074","Colwellia",0
"493","1337_231_S231_L001","ASV00186","Alteromonas",0
"494","1337_231_S231_L001","ASV00316","Neptuniibacter",0
"495","1337_231_S231_L001","ASV00476","Oleibacter",0
"496","1337_232_S232_L001","ASV00002","Prochlorococcus MIT9313",0
"497","1337_232_S232_L001","ASV00004","Synechococcus CC9902",0
"498","1337_232_S232_L001","ASV00015","Salmonella",0
"499","1337_232_S232_L001","ASV00040","Marinomonas",0
"500","1337_232_S232_L001","ASV00048","Colwellia",0
"501","1337_232_S232_L001","ASV00053","Colwellia",0
"502","1337_232_S232_L001","ASV00061",NA,0
"503","1337_233_S233_L001","ASV00002","Prochlorococcus MIT9313",0
"504","1337_233_S233_L001","ASV00004","Synechococcus CC9902",0
"505","1337_233_S233_L001","ASV00007","Limosilactobacillus",0
"506","1337_233_S233_L001","ASV00009","Glaciecola",0
"507","1337_233_S233_L001","ASV00013","Alteromonas",0
"508","1337_233_S233_L001","ASV00014","Alteromonas",0
"509","1337_233_S233_L001","ASV00015","Salmonella",0
"510","1337_233_S233_L001","ASV00016","Escherichia-Shigella",0
"511","1337_233_S233_L001","ASV00031","Alteromonas",0
"512","1337_233_S233_L001","ASV00040","Marinomonas",0
"513","1337_233_S233_L001","ASV00043","Pseudoalteromonas",0
"514","1337_233_S233_L001","ASV00053","Colwellia",0
"515","1337_233_S233_L001","ASV00068","Glaciecola",0
"516","1337_233_S233_L001","ASV00074","Colwellia",0
"517","1337_233_S233_L001","ASV00186","Alteromonas",0
"518","1337_233_S233_L001","ASV00316","Neptuniibacter",0
"519","1337_233_S233_L001","ASV00476","Oleibacter",0
"520","1337_234_S234_L001","ASV00007","Limosilactobacillus",0
"521","1337_234_S234_L001","ASV00015","Salmonella",0
"522","1337_234_S234_L001","ASV00016","Escherichia-Shigella",0
"523","1337_234_S234_L001","ASV00031","Alteromonas",0
"524","1337_234_S234_L001","ASV00043","Pseudoalteromonas",0
"525","1337_234_S234_L001","ASV00186","Alteromonas",0
"526","1337_234_S234_L001","ASV00316","Neptuniibacter",0
"527","1337_234_S234_L001","ASV00476","Oleibacter",0
"528","1337_235_S235_L001","ASV00007","Limosilactobacillus",0
"529","1337_235_S235_L001","ASV00008","Shewanella",0
"530","1337_235_S235_L001","ASV00010","Shewanella",0
"531","1337_235_S235_L001","ASV00012","Acinetobacter",0
"532","1337_235_S235_L001","ASV00015","Salmonella",0
"533","1337_235_S235_L001","ASV00016","Escherichia-Shigella",0
"534","1337_235_S235_L001","ASV00186","Alteromonas",0
"535","1337_235_S235_L001","ASV00316","Neptuniibacter",0
"536","1337_235_S235_L001","ASV00476","Oleibacter",0
"537","1337_236_S236_L001","ASV00001","Clade Ia",0
"538","1337_236_S236_L001","ASV00002","Prochlorococcus MIT9313",0
"539","1337_236_S236_L001","ASV00003","Clade Ia",0
"540","1337_236_S236_L001","ASV00004","Synechococcus CC9902",0
"541","1337_236_S236_L001","ASV00007","Limosilactobacillus",0
"542","1337_236_S236_L001","ASV00008","Shewanella",0
"543","1337_236_S236_L001","ASV00009","Glaciecola",0
"544","1337_236_S236_L001","ASV00010","Shewanella",0
"545","1337_236_S236_L001","ASV00012","Acinetobacter",0
"546","1337_236_S236_L001","ASV00013","Alteromonas",0
"547","1337_236_S236_L001","ASV00014","Alteromonas",0
"548","1337_236_S236_L001","ASV00015","Salmonella",0
"549","1337_236_S236_L001","ASV00016","Escherichia-Shigella",0
"550","1337_236_S236_L001","ASV00025","Pseudophaeobacter",0
"551","1337_236_S236_L001","ASV00029","Oceaniserpentilla",0
"552","1337_236_S236_L001","ASV00031","Alteromonas",0
"553","1337_236_S236_L001","ASV00036","Synechococcus CC9902",0
"554","1337_236_S236_L001","ASV00040","Marinomonas",0
"555","1337_236_S236_L001","ASV00043","Pseudoalteromonas",0
"556","1337_236_S236_L001","ASV00048","Colwellia",0
"557","1337_236_S236_L001","ASV00053","Colwellia",0
"558","1337_236_S236_L001","ASV00061",NA,0
"559","1337_236_S236_L001","ASV00064","Vibrio",0
"560","1337_236_S236_L001","ASV00068","Glaciecola",0
"561","1337_236_S236_L001","ASV00074","Colwellia",0
"562","1337_236_S236_L001","ASV00186","Alteromonas",0
"563","1337_236_S236_L001","ASV00316","Neptuniibacter",0
"564","1337_236_S236_L001","ASV00476","Oleibacter",0
"565","1337_237_S237_L001","ASV00007","Limosilactobacillus",0
"566","1337_237_S237_L001","ASV00010","Shewanella",0
"567","1337_237_S237_L001","ASV00015","Salmonella",0
"568","1337_237_S237_L001","ASV00016","Escherichia-Shigella",0
"569","1337_237_S237_L001","ASV00476","Oleibacter",0
"570","1337_238_S238_L001","ASV00007","Limosilactobacillus",0
"571","1337_238_S238_L001","ASV00010","Shewanella",0
"572","1337_238_S238_L001","ASV00012","Acinetobacter",0
"573","1337_238_S238_L001","ASV00013","Alteromonas",0
"574","1337_238_S238_L001","ASV00014","Alteromonas",0
"575","1337_238_S238_L001","ASV00015","Salmonella",0
"576","1337_238_S238_L001","ASV00016","Escherichia-Shigella",0
"577","1337_238_S238_L001","ASV00031","Alteromonas",0
"578","1337_238_S238_L001","ASV00316","Neptuniibacter",0
"579","1337_238_S238_L001","ASV00476","Oleibacter",0
"580","1337_239_S239_L001","ASV00002","Prochlorococcus MIT9313",0
"581","1337_239_S239_L001","ASV00003","Clade Ia",0
"582","1337_239_S239_L001","ASV00007","Limosilactobacillus",0
"583","1337_239_S239_L001","ASV00008","Shewanella",0
"584","1337_239_S239_L001","ASV00010","Shewanella",0
"585","1337_239_S239_L001","ASV00012","Acinetobacter",0
"586","1337_239_S239_L001","ASV00013","Alteromonas",0
"587","1337_239_S239_L001","ASV00014","Alteromonas",0
"588","1337_239_S239_L001","ASV00015","Salmonella",0
"589","1337_239_S239_L001","ASV00016","Escherichia-Shigella",0
"590","1337_239_S239_L001","ASV00029","Oceaniserpentilla",0
"591","1337_239_S239_L001","ASV00031","Alteromonas",0
"592","1337_239_S239_L001","ASV00036","Synechococcus CC9902",0
"593","1337_239_S239_L001","ASV00061",NA,0
"594","1337_239_S239_L001","ASV00064","Vibrio",0
"595","1337_239_S239_L001","ASV00068","Glaciecola",0
"596","1337_239_S239_L001","ASV00186","Alteromonas",0
"597","1337_239_S239_L001","ASV00316","Neptuniibacter",0
"598","1337_239_S239_L001","ASV00476","Oleibacter",0
"599","1337_240_S240_L001","ASV00002","Prochlorococcus MIT9313",0
"600","1337_240_S240_L001","ASV00003","Clade Ia",0
"601","1337_240_S240_L001","ASV00007","Limosilactobacillus",0
"602","1337_240_S240_L001","ASV00008","Shewanella",0
"603","1337_240_S240_L001","ASV00012","Acinetobacter",0
"604","1337_240_S240_L001","ASV00015","Salmonella",0
"605","1337_240_S240_L001","ASV00016","Escherichia-Shigella",0
"606","1337_240_S240_L001","ASV00031","Alteromonas",0
"607","1337_240_S240_L001","ASV00036","Synechococcus CC9902",0
"608","1337_240_S240_L001","ASV00068","Glaciecola",0
"609","1337_240_S240_L001","ASV00316","Neptuniibacter",0
"610","1337_240_S240_L001","ASV00476","Oleibacter",0
"611","1337_242_S242_L001","ASV00007","Limosilactobacillus",0
"612","1337_242_S242_L001","ASV00008","Shewanella",0
"613","1337_242_S242_L001","ASV00013","Alteromonas",0
"614","1337_242_S242_L001","ASV00014","Alteromonas",0
"615","1337_242_S242_L001","ASV00015","Salmonella",0
"616","1337_242_S242_L001","ASV00016","Escherichia-Shigella",0
"617","1337_242_S242_L001","ASV00031","Alteromonas",0
"618","1337_242_S242_L001","ASV00316","Neptuniibacter",0
"619","1337_242_S242_L001","ASV00476","Oleibacter",0
"620","1337_243_S243_L001","ASV00001","Clade Ia",0
"621","1337_243_S243_L001","ASV00002","Prochlorococcus MIT9313",0
"622","1337_243_S243_L001","ASV00003","Clade Ia",0
"623","1337_243_S243_L001","ASV00004","Synechococcus CC9902",0
"624","1337_243_S243_L001","ASV00007","Limosilactobacillus",0
"625","1337_243_S243_L001","ASV00008","Shewanella",0
"626","1337_243_S243_L001","ASV00009","Glaciecola",0
"627","1337_243_S243_L001","ASV00010","Shewanella",0
"628","1337_243_S243_L001","ASV00012","Acinetobacter",0
"629","1337_243_S243_L001","ASV00015","Salmonella",0
"630","1337_243_S243_L001","ASV00016","Escherichia-Shigella",0
"631","1337_243_S243_L001","ASV00025","Pseudophaeobacter",0
"632","1337_243_S243_L001","ASV00029","Oceaniserpentilla",0
"633","1337_243_S243_L001","ASV00036","Synechococcus CC9902",0
"634","1337_243_S243_L001","ASV00040","Marinomonas",0
"635","1337_243_S243_L001","ASV00043","Pseudoalteromonas",0
"636","1337_243_S243_L001","ASV00048","Colwellia",0
"637","1337_243_S243_L001","ASV00053","Colwellia",0
"638","1337_243_S243_L001","ASV00061",NA,0
"639","1337_243_S243_L001","ASV00064","Vibrio",0
"640","1337_243_S243_L001","ASV00068","Glaciecola",0
"641","1337_243_S243_L001","ASV00074","Colwellia",0
"642","1337_243_S243_L001","ASV00186","Alteromonas",0
"643","1337_243_S243_L001","ASV00316","Neptuniibacter",0
"644","1337_243_S243_L001","ASV00476","Oleibacter",0
